k_pctile,tier_name,k_mean,count,tot_count,density,tier
9,Ivy Plus,0,4140,52724,.0785221151657689,1
9,Other elite schools (public and private),0,15298,183973,.0831535062210216,2
9,Highly selective public,0,31503,393548,.0800486852937888,3
9,Highly selective private,0,11753,134098,.0876448567465585,4
9,Selective public,0,182798,1944082,.0940279268055566,5
9,Selective private,0,48648,486852,.0999235907421557,6
9,Nonselective four-year public,0,35788,257854,.1387917193450557,7
9,Nonselective four-year private not-for-profit,0,9129,55947,.1631722880583409,8
9,Two-year (public and private not-for-profit),0,282882,2021451,.1399400727497228,9
9,Four-year for-profit,0,17010,126025,.1349732195992859,10
9,Two-year for-profit,0,5669,42313,.1339777373384067,11
9,Less than two-year schools of any type,0,1977,10121,.1953364292066001,12
9,Attending college with insufficient data,0,131980,942344,.1400550117579143,13
9,Late attender (ages 23-28),0,231267,1239448,.1865887072309609,14.1
9,Never attended college (before year 2013),0,961279,2866578,.3353402558730305,14.2
18,Ivy Plus,100,105,52724,.001991502920871,1
18,Other elite schools (public and private),100,461,183973,.0025058024818859,2
18,Highly selective public,200,1026,393548,.0026070517446411,3
18,Highly selective private,100,372,134098,.0027740905904637,4
18,Selective public,200,7151,1944082,.0036783427859524,5
18,Selective private,100,1736,486852,.0035657653660661,6
18,Nonselective four-year public,200,1372,257854,.005320840475618,7
18,Nonselective four-year private not-for-profit,200,343,55947,.0061308023665255,8
18,Two-year (public and private not-for-profit),100,12218,2021451,.0060441732201275,9
18,Four-year for-profit,100,824,126025,.0065383852410236,10
18,Two-year for-profit,100,240,42313,.0056720156925767,11
18,Less than two-year schools of any type,100,93,10121,.0091888153344531,12
18,Attending college with insufficient data,100,5561,942344,.0059012420092875,13
18,Late attender (ages 23-28),100,12936,1239448,.0104369041702435,14.1
18,Never attended college (before year 2013),100,28337,2866578,.0098853057548059,14.2
19,Ivy Plus,600,201,52724,.0038123055913815,1
19,Other elite schools (public and private),600,843,183973,.004582194126312,2
19,Highly selective public,600,1921,393548,.0048812343094108,3
19,Highly selective private,600,720,134098,.0053692075944459,4
19,Selective public,600,12186,1944082,.0062682541168531,5
19,Selective private,600,3195,486852,.0065625693229154,6
19,Nonselective four-year public,600,2202,257854,.0085397162735501,7
19,Nonselective four-year private not-for-profit,600,615,55947,.0109925465172395,8
19,Two-year (public and private not-for-profit),600,18220,2021451,.0090133275553056,9
19,Four-year for-profit,600,1086,126025,.0086173378297957,10
19,Two-year for-profit,600,325,42313,.0076808545836977,11
19,Less than two-year schools of any type,600,141,10121,.0139314297006225,12
19,Attending college with insufficient data,600,8649,942344,.0091781769714669,13
19,Late attender (ages 23-28),600,18666,1239448,.01505992990428,14.1
19,Never attended college (before year 2013),600,38604,2866578,.0134669281631269,14.2
20,Ivy Plus,1200,217,52724,.0041157727031333,1
20,Other elite schools (public and private),1200,914,183973,.0049681203220038,2
20,Highly selective public,1200,2003,393548,.0050895951700936,3
20,Highly selective private,1200,831,134098,.0061969604319229,4
20,Selective public,1300,12966,1944082,.0066694717609648,5
20,Selective private,1200,3451,486852,.0070883964736717,6
20,Nonselective four-year public,1300,2333,257854,.0090477557067178,7
20,Nonselective four-year private not-for-profit,1300,606,55947,.0108316799828409,8
20,Two-year (public and private not-for-profit),1300,18637,2021451,.0092196150191125,9
20,Four-year for-profit,1300,1078,126025,.0085538583614362,10
20,Two-year for-profit,1300,293,42313,.0069245858246874,11
20,Less than two-year schools of any type,1300,134,10121,.0132397984388894,12
20,Attending college with insufficient data,1200,9222,942344,.0097862351752651,13
20,Late attender (ages 23-28),1200,18325,1239448,.0147848074304045,14.1
20,Never attended college (before year 2013),1200,36563,2866578,.0127549293966534,14.2
21,Ivy Plus,2100,237,52724,.004495106592823,1
21,Other elite schools (public and private),2100,977,183973,.0053105618759274,2
21,Highly selective public,2100,2017,393548,.005125168975576,3
21,Highly selective private,2100,758,134098,.0056525824397083,4
21,Selective public,2100,12606,1944082,.0064842943867594,5
21,Selective private,2100,3322,486852,.0068234288859859,6
21,Nonselective four-year public,2100,2420,257854,.0093851559409588,7
21,Nonselective four-year private not-for-profit,2100,648,55947,.0115823904767012,8
21,Two-year (public and private not-for-profit),2100,19181,2021451,.0094887286409614,9
21,Four-year for-profit,2100,1133,126025,.0089902797064075,10
21,Two-year for-profit,2100,349,42313,.0082480561529554,11
21,Less than two-year schools of any type,2100,129,10121,.0127457761090801,12
21,Attending college with insufficient data,2100,9398,942344,.0099730034891717,13
21,Late attender (ages 23-28),2100,18451,1239448,.0148864655879069,14.1
21,Never attended college (before year 2013),2100,35948,2866578,.0125403878771134,14.2
22,Ivy Plus,2900,268,52724,.005083074121842,1
22,Other elite schools (public and private),2900,948,183973,.0051529300495181,2
22,Highly selective public,3000,1922,393548,.0048837752955167,3
22,Highly selective private,3000,743,134098,.0055407239481573,4
22,Selective public,3000,12966,1944082,.0066694717609648,5
22,Selective private,3000,3418,486852,.0070206140675195,6
22,Nonselective four-year public,3000,2298,257854,.0089120199802989,7
22,Nonselective four-year private not-for-profit,3000,639,55947,.0114215239423025,8
22,Two-year (public and private not-for-profit),3000,19255,2021451,.0095253360086393,9
22,Four-year for-profit,3000,1200,126025,.0095219202539179,10
22,Two-year for-profit,3000,364,42313,.0086025571337414,11
22,Less than two-year schools of any type,3000,116,10121,.0114613180515759,12
22,Attending college with insufficient data,3000,9405,942344,.0099804317743839,13
22,Late attender (ages 23-28),3000,18635,1239448,.0150349187702913,14.1
22,Never attended college (before year 2013),3000,35396,2866578,.0123478237815263,14.2
23,Ivy Plus,4000,221,52724,.0041916394810712,1
23,Other elite schools (public and private),4000,913,183973,.0049626847417828,2
23,Highly selective public,4000,1905,393548,.0048405785317166,3
23,Highly selective private,4000,711,134098,.0053020924995153,4
23,Selective public,4000,12583,1944082,.0064724636100741,5
23,Selective private,4000,3156,486852,.0064824628429174,6
23,Nonselective four-year public,4000,2476,257854,.009602333103229,7
23,Nonselective four-year private not-for-profit,4000,577,55947,.0103133322608898,8
23,Two-year (public and private not-for-profit),4000,19700,2021451,.009745474908865,9
23,Four-year for-profit,4000,1185,126025,.0094028962507439,10
23,Two-year for-profit,4000,379,42313,.0089570581145275,11
23,Less than two-year schools of any type,4000,129,10121,.0127457761090801,12
23,Attending college with insufficient data,4000,9603,942344,.0101905461275288,13
23,Late attender (ages 23-28),4000,18794,1239448,.01516320168333,14.1
23,Never attended college (before year 2013),4000,35242,2866578,.0122941011896414,14.2
24,Ivy Plus,5000,202,52724,.003831272285866,1
24,Other elite schools (public and private),5000,950,183973,.0051638012099602,2
24,Highly selective public,5000,1953,393548,.0049625458647992,3
24,Highly selective private,5000,743,134098,.0055407239481573,4
24,Selective public,5000,12771,1944082,.0065691673499369,5
24,Selective private,5000,3149,486852,.0064680847567639,6
24,Nonselective four-year public,5000,2448,257854,.0094937445220939,7
24,Nonselective four-year private not-for-profit,5000,611,55947,.010921050279729,8
24,Two-year (public and private not-for-profit),5000,19754,2021451,.0097721883933867,9
24,Four-year for-profit,5000,1297,126025,.0102916088077762,10
24,Two-year for-profit,5000,376,42313,.0088861579183702,11
24,Less than two-year schools of any type,5000,147,10121,.0145242564963936,12
24,Attending college with insufficient data,5000,9609,942344,.0101969132291393,13
24,Late attender (ages 23-28),5000,18700,1239448,.0150873614705901,14.1
24,Never attended college (before year 2013),5000,34863,2866578,.0121618877979249,14.2
25,Ivy Plus,6000,231,52724,.0043813064259161,1
25,Other elite schools (public and private),6000,789,183973,.0042886727943774,2
25,Highly selective public,6000,1834,393548,.0046601685181985,3
25,Highly selective private,6000,734,134098,.0054736088532267,4
25,Selective public,6000,12784,1944082,.0065758543106721,5
25,Selective private,6000,3085,486852,.0063366279690748,6
25,Nonselective four-year public,6000,2461,257854,.0095441606490495,7
25,Nonselective four-year private not-for-profit,6100,590,55947,.0105456950327989,8
25,Two-year (public and private not-for-profit),6000,19970,2021451,.0098790423314738,9
25,Four-year for-profit,6000,1218,126025,.0096647490577266,10
25,Two-year for-profit,6100,342,42313,.0080826223619219,11
25,Less than two-year schools of any type,6000,119,10121,.0117577314494615,12
25,Attending college with insufficient data,6000,9824,942344,.0104250677035138,13
25,Late attender (ages 23-28),6000,18798,1239448,.0151664289264253,14.1
25,Never attended college (before year 2013),6000,34795,2866578,.0121381661339758,14.2
26,Ivy Plus,7100,204,52724,.003869205674835,1
26,Other elite schools (public and private),7100,815,183973,.0044299978801237,2
26,Highly selective public,7100,1808,393548,.0045941028794455,3
26,Highly selective private,7100,669,134098,.0049888887231726,4
26,Selective public,7100,12579,1944082,.006470406083694,5
26,Selective private,7100,3030,486852,.0062236572921545,6
26,Nonselective four-year public,7100,2452,257854,.0095092571765418,7
26,Nonselective four-year private not-for-profit,7100,560,55947,.0100094732514701,8
26,Two-year (public and private not-for-profit),7100,19976,2021451,.0098820104964206,9
26,Four-year for-profit,7100,1257,126025,.009974211465979,10
26,Two-year for-profit,7100,352,42313,.0083189563491126,11
26,Less than two-year schools of any type,7100,114,10121,.0112637091196522,12
26,Attending college with insufficient data,7100,9707,942344,.01030090922211,13
26,Late attender (ages 23-28),7100,19045,1239448,.0153657111875609,14.1
26,Never attended college (before year 2013),7100,35006,2866578,.012211773061818,14.2
27,Ivy Plus,8100,181,52724,.0034329717016918,1
27,Other elite schools (public and private),8100,760,183973,.0041310409679681,2
27,Highly selective public,8100,1880,393548,.0047770538790694,3
27,Highly selective private,8100,662,134098,.0049366880937822,4
27,Selective public,8100,12145,1944082,.0062471644714575,5
27,Selective private,8100,2996,486852,.0061538208736947,6
27,Nonselective four-year public,8100,2472,257854,.0095868204487811,7
27,Nonselective four-year private not-for-profit,8100,520,55947,.0092945108763651,8
27,Two-year (public and private not-for-profit),8100,19666,2021451,.0097286553074994,9
27,Four-year for-profit,8100,1262,126025,.0100138861337036,10
27,Two-year for-profit,8100,369,42313,.0087207241273368,11
27,Less than two-year schools of any type,8100,144,10121,.0142278430985081,12
27,Attending college with insufficient data,8100,10153,942344,.0107741971084869,13
27,Late attender (ages 23-28),8100,18881,1239448,.0152333942206531,14.1
27,Never attended college (before year 2013),8100,35482,2866578,.0123778247094619,14.2
28,Ivy Plus,9100,211,52724,.0040019725362264,1
28,Other elite schools (public and private),9100,757,183973,.0041147342273051,2
28,Highly selective public,9100,1732,393548,.004400987935398,3
28,Highly selective private,9100,616,134098,.0045936553863592,4
28,Selective public,9100,11962,1944082,.0061530326395697,5
28,Selective private,9100,2858,486852,.0058703671752401,6
28,Nonselective four-year public,9100,2500,257854,.0096954090299162,7
28,Nonselective four-year private not-for-profit,9100,543,55947,.0097056142420505,8
28,Two-year (public and private not-for-profit),9100,19261,2021451,.0095283041735862,9
28,Four-year for-profit,9100,1324,126025,.0105058520134894,10
28,Two-year for-profit,9100,375,42313,.0088625245196512,11
28,Less than two-year schools of any type,9000,139,10121,.0137338207686987,12
28,Attending college with insufficient data,9100,10087,942344,.0107041589907719,13
28,Late attender (ages 23-28),9100,19039,1239448,.0153608703229179,14.1
28,Never attended college (before year 2013),9100,36170,2866578,.0126178321329474,14.2
29,Ivy Plus,9900,178,52724,.0033760716182384,1
29,Other elite schools (public and private),9900,666,183973,.0036200964271931,2
29,Highly selective public,9900,1482,393548,.003765741408926,3
29,Highly selective private,9900,493,134098,.0036764157556414,4
29,Selective public,9900,10704,1944082,.0055059405930408,5
29,Selective private,9900,2457,486852,.0050467082398758,6
29,Nonselective four-year public,9900,2483,257854,.0096294802485127,7
29,Nonselective four-year private not-for-profit,9900,472,55947,.0084365560262391,8
29,Two-year (public and private not-for-profit),9900,18601,2021451,.0092018060294313,9
29,Four-year for-profit,9900,1297,126025,.0102916088077762,10
29,Two-year for-profit,9900,386,42313,.0091224919055609,11
29,Less than two-year schools of any type,9900,155,10121,.0153146922240885,12
29,Attending college with insufficient data,9900,10599,942344,.0112474849948639,13
29,Late attender (ages 23-28),9900,19659,1239448,.0158610930026915,14.1
29,Never attended college (before year 2013),9900,37941,2866578,.0132356419396228,14.2
30,Ivy Plus,10700,161,52724,.0030536378120021,1
30,Other elite schools (public and private),10800,746,183973,.004054942844874,2
30,Highly selective public,10700,1692,393548,.0042993484911625,3
30,Highly selective private,10800,588,134098,.0043848528687974,4
30,Selective public,10800,11629,1944082,.0059817435684297,5
30,Selective private,10700,2780,486852,.0057101542152441,6
30,Nonselective four-year public,10800,2406,257854,.0093308616503913,7
30,Nonselective four-year private not-for-profit,10700,517,55947,.0092408886982323,8
30,Two-year (public and private not-for-profit),10700,19724,2021451,.0097573475686524,9
30,Four-year for-profit,10700,1304,126025,.0103471533425908,10
30,Two-year for-profit,10800,353,42313,.0083425897478316,11
30,Less than two-year schools of any type,10700,152,10121,.0150182788262029,12
30,Attending college with insufficient data,10800,10216,942344,.0108410516753967,13
30,Late attender (ages 23-28),10700,19102,1239448,.0154116994016691,14.1
30,Never attended college (before year 2013),10700,36204,2866578,.0126296929649219,14.2
31,Ivy Plus,11600,165,52724,.0031295045899401,1
31,Other elite schools (public and private),11700,750,183973,.004076685165758,2
31,Highly selective public,11600,1714,393548,.004355250185492,3
31,Highly selective private,11700,602,134098,.0044892541275783,4
31,Selective public,11600,11937,1944082,.0061401730996944,5
31,Selective private,11600,2686,486852,.0055170770583257,6
31,Nonselective four-year public,11600,2499,257854,.0096915308663042,7
31,Nonselective four-year private not-for-profit,11600,545,55947,.0097413623608058,8
31,Two-year (public and private not-for-profit),11600,20039,2021451,.0099131762283627,9
31,Four-year for-profit,11600,1254,126025,.0099504066653442,10
31,Two-year for-profit,11600,364,42313,.0086025571337414,11
31,Less than two-year schools of any type,11600,129,10121,.0127457761090801,12
31,Attending college with insufficient data,11700,10387,942344,.0110225140712946,13
31,Late attender (ages 23-28),11600,18882,1239448,.0152342010314269,14.1
31,Never attended college (before year 2013),11600,35621,2866578,.012426314581358,14.2
32,Ivy Plus,12500,177,52724,.0033571049237539,1
32,Other elite schools (public and private),12500,702,183973,.0038157773151495,2
32,Highly selective public,12500,1623,393548,.0041240204498562,3
32,Highly selective private,12500,567,134098,.0042282509806261,4
32,Selective public,12500,11857,1944082,.0060990225720932,5
32,Selective private,12500,2777,486852,.0057039921783211,6
32,Nonselective four-year public,12500,2407,257854,.0093347398140033,7
32,Nonselective four-year private not-for-profit,12500,561,55947,.0100273473108478,8
32,Two-year (public and private not-for-profit),12500,19745,2021451,.0097677361459664,9
32,Four-year for-profit,12500,1279,126025,.0101487800039675,10
32,Two-year for-profit,12500,384,42313,.0090752251081228,11
32,Less than two-year schools of any type,12500,115,10121,.0113625135856141,12
32,Attending college with insufficient data,12500,10442,942344,.0110808791693904,13
32,Late attender (ages 23-28),12500,19233,1239448,.0155173916130406,14.1
32,Never attended college (before year 2013),12500,35704,2866578,.0124552689652959,14.2
33,Ivy Plus,13300,120,52724,.0022760033381382,1
33,Other elite schools (public and private),13300,579,183973,.0031472009479652,2
33,Highly selective public,13300,1464,393548,.00372000365902,3
33,Highly selective private,13300,527,134098,.0039299616698236,4
33,Selective public,13300,10837,1944082,.0055743533451778,5
33,Selective private,13300,2500,486852,.0051350307691044,6
33,Nonselective four-year public,13300,2356,257854,.009136953469793,7
33,Nonselective four-year private not-for-profit,13300,511,55947,.0091336443419665,8
33,Two-year (public and private not-for-profit),13300,18851,2021451,.0093254795688839,9
33,Four-year for-profit,13300,1394,126025,.0110612973616346,10
33,Two-year for-profit,13300,398,42313,.0094060926901898,11
33,Less than two-year schools of any type,13300,140,10121,.0138326252346606,12
33,Attending college with insufficient data,13400,10813,942344,.0114745782856367,13
33,Late attender (ages 23-28),13400,20006,1239448,.01614105634121,14.1
33,Never attended college (before year 2013),13400,37078,2866578,.0129345861162682,14.2
34,Ivy Plus,14000,139,52724,.0026363705333434,1
34,Other elite schools (public and private),14100,565,183973,.003071102824871,2
34,Highly selective public,14100,1418,393548,.0036031182981491,3
34,Highly selective private,14100,470,134098,.0035048994019299,4
34,Selective public,14100,10507,1944082,.0054046074188229,5
34,Selective private,14000,2353,486852,.004833090959881,6
34,Nonselective four-year public,14000,2397,257854,.0092959581778836,7
34,Nonselective four-year private not-for-profit,14100,494,55947,.0088297853325469,8
34,Two-year (public and private not-for-profit),14000,18446,2021451,.0091251284349707,9
34,Four-year for-profit,14000,1355,126025,.0107518349533823,10
34,Two-year for-profit,14000,415,42313,.009807860468414,11
34,Less than two-year schools of any type,14000,137,10121,.013536211836775,12
34,Attending college with insufficient data,14100,11078,942344,.0117557919400983,13
34,Late attender (ages 23-28),14000,20673,1239448,.0166791991273535,14.1
34,Never attended college (before year 2013),14000,37126,2866578,.0129513308202323,14.2
35,Ivy Plus,14800,154,52724,.0029208709506107,1
35,Other elite schools (public and private),14800,649,183973,.0035276915634359,2
35,Highly selective public,14800,1585,393548,.0040274629778324,3
35,Highly selective private,14800,528,134098,.0039374189025936,4
35,Selective public,14800,11432,1944082,.0058804103942118,5
35,Selective private,14800,2543,486852,.005223353298333,6
35,Nonselective four-year public,14800,2477,257854,.0096062112668409,7
35,Nonselective four-year private not-for-profit,14800,537,55947,.0095983698857848,8
35,Two-year (public and private not-for-profit),14800,19349,2021451,.0095718372594735,9
35,Four-year for-profit,14700,1352,126025,.0107280301527475,10
35,Two-year for-profit,14800,386,42313,.0091224919055609,11
35,Less than two-year schools of any type,14700,129,10121,.0127457761090801,12
35,Attending college with insufficient data,14800,11025,942344,.011699549209206,13
35,Late attender (ages 23-28),14800,19626,1239448,.0158344682471552,14.1
35,Never attended college (before year 2013),14800,35802,2866578,.0124894560692226,14.2
36,Ivy Plus,15600,163,52724,.0030915712009711,1
36,Other elite schools (public and private),15600,637,183973,.0034624646007838,2
36,Highly selective public,15600,1692,393548,.0042993484911625,3
36,Highly selective private,15600,545,134098,.0040641918596847,4
36,Selective public,15600,11870,1944082,.0061057095328283,5
36,Selective private,15600,2665,486852,.0054739427998653,6
36,Nonselective four-year public,15600,2510,257854,.0097341906660358,7
36,Nonselective four-year private not-for-profit,15600,501,55947,.0089549037481903,8
36,Two-year (public and private not-for-profit),15600,19552,2021451,.009672260173509,9
36,Four-year for-profit,15500,1310,126025,.0103947629438603,10
36,Two-year for-profit,15600,396,42313,.0093588258927516,11
36,Less than two-year schools of any type,15600,152,10121,.0150182788262029,12
36,Attending college with insufficient data,15600,10932,942344,.011600859134244,13
36,Late attender (ages 23-28),15600,19152,1239448,.0154520399403605,14.1
36,Never attended college (before year 2013),15600,35496,2866578,.0123827085814515,14.2
37,Ivy Plus,16400,153,52724,.0029019042561262,1
37,Other elite schools (public and private),16400,667,183973,.0036255320074141,2
37,Highly selective public,16400,1649,393548,.0041900860886093,3
37,Highly selective private,16400,515,134098,.0038404748765828,4
37,Selective public,16400,12073,1944082,.0062101289966164,5
37,Selective private,16400,2749,486852,.0056464798337072,6
37,Nonselective four-year public,16400,2503,257854,.0097070435207521,7
37,Nonselective four-year private not-for-profit,16400,501,55947,.0089549037481903,8
37,Two-year (public and private not-for-profit),16400,20065,2021451,.0099260382764658,9
37,Four-year for-profit,16300,1389,126025,.0110216226939099,10
37,Two-year for-profit,16400,401,42313,.009476992886347,11
37,Less than two-year schools of any type,16300,130,10121,.012844580575042,12
37,Attending college with insufficient data,16400,10799,942344,.0114597217152123,13
37,Late attender (ages 23-28),16400,19006,1239448,.0153342455673816,14.1
37,Never attended college (before year 2013),16400,34974,2866578,.0122006099258419,14.2
38,Ivy Plus,17300,176,52724,.0033381382292694,1
38,Other elite schools (public and private),17200,693,183973,.0037668570931604,2
38,Highly selective public,17200,1768,393548,.0044924634352099,3
38,Highly selective private,17300,576,134098,.0042953660755567,4
38,Selective public,17200,12576,1944082,.006468862938909,5
38,Selective private,17200,2832,486852,.0058169628552414,6
38,Nonselective four-year public,17200,2468,257854,.0095713077943332,7
38,Nonselective four-year private not-for-profit,17200,537,55947,.0095983698857848,8
38,Two-year (public and private not-for-profit),17200,20576,2021451,.0101788269911069,9
38,Four-year for-profit,17200,1368,126025,.0108549890894664,10
38,Two-year for-profit,17200,402,42313,.0095006262850661,11
38,Less than two-year schools of any type,17200,122,10121,.0120541448473471,12
38,Attending college with insufficient data,17300,10711,942344,.011366337558259,13
38,Late attender (ages 23-28),17200,18509,1239448,.0149332606127889,14.1
38,Never attended college (before year 2013),17200,34260,2866578,.0119515324543759,14.2
39,Ivy Plus,18000,156,52724,.0029588043395797,1
39,Other elite schools (public and private),18100,725,183973,.0039407956602328,2
39,Highly selective public,18100,1801,393548,.0045763159767042,3
39,Highly selective private,18100,612,134098,.004563826455279,4
39,Selective public,18100,13140,1944082,.0067589741584974,5
39,Selective private,18000,2989,486852,.0061394427875412,6
39,Nonselective four-year public,18000,2665,257854,.0103353060258906,7
39,Nonselective four-year private not-for-profit,18100,520,55947,.0092945108763651,8
39,Two-year (public and private not-for-profit),18000,21029,2021451,.010402923444595,9
39,Four-year for-profit,18000,1357,126025,.0107677048204721,10
39,Two-year for-profit,18000,394,42313,.0093115590953135,11
39,Less than two-year schools of any type,18000,114,10121,.0112637091196522,12
39,Attending college with insufficient data,18100,10704,942344,.0113589092730468,13
39,Late attender (ages 23-28),18100,17930,1239448,.0144661171747423,14.1
39,Never attended college (before year 2013),18100,33437,2866578,.0116644305509915,14.2
40,Ivy Plus,18900,174,52724,.0033002048403004,1
40,Other elite schools (public and private),18900,768,183973,.0041745256097362,2
40,Highly selective public,18900,1861,393548,.0047287751430575,3
40,Highly selective private,18900,611,134098,.0045563692225089,4
40,Selective public,18900,13280,1944082,.0068309875817995,5
40,Selective private,18900,3018,486852,.0061990091444628,6
40,Nonselective four-year public,18900,2784,257854,.0107968074957146,7
40,Nonselective four-year private not-for-profit,18900,530,55947,.0094732514701414,8
40,Two-year (public and private not-for-profit),18900,21522,2021451,.0106468076643955,9
40,Four-year for-profit,18800,1355,126025,.0107518349533823,10
40,Two-year for-profit,18900,428,42313,.0101150946517619,11
40,Less than two-year schools of any type,18800,117,10121,.0115601225175378,12
40,Attending college with insufficient data,19000,10814,942344,.0114756394692384,13
40,Late attender (ages 23-28),18900,17458,1239448,.0140853024894953,14.1
40,Never attended college (before year 2013),18900,32854,2866578,.0114610521674275,14.2
41,Ivy Plus,19800,161,52724,.0030536378120021,1
41,Other elite schools (public and private),19800,758,183973,.0041201698075261,2
41,Highly selective public,19800,1909,393548,.0048507424761401,3
41,Highly selective private,19800,640,134098,.0047726289728408,4
41,Selective public,19800,13857,1944082,.0071277857621232,5
41,Selective private,19800,3021,486852,.0062051711813857,6
41,Nonselective four-year public,19800,2692,257854,.0104400164434137,7
41,Nonselective four-year private not-for-profit,19700,548,55947,.0097949845389386,8
41,Two-year (public and private not-for-profit),19800,21614,2021451,.0106923195269141,9
41,Four-year for-profit,19700,1402,126025,.011124776829994,10
41,Two-year for-profit,19700,422,42313,.0099732942594475,11
41,Less than two-year schools of any type,19700,111,10121,.0109672957217666,12
41,Attending college with insufficient data,19800,10813,942344,.0114745782856367,13
41,Late attender (ages 23-28),19800,17554,1239448,.0141627563237828,14.1
41,Never attended college (before year 2013),19800,32071,2866578,.0111879041840131,14.2
42,Ivy Plus,20600,193,52724,.0036605720355057,1
42,Other elite schools (public and private),20600,704,183973,.0038266484755915,2
42,Highly selective public,20600,1997,393548,.0050743492534583,3
42,Highly selective private,20700,687,134098,.0051231189130338,4
42,Selective public,20600,14259,1944082,.0073345671633192,5
42,Selective private,20600,3206,486852,.0065851634582994,6
42,Nonselective four-year public,20600,2769,257854,.0107386350415351,7
42,Nonselective four-year private not-for-profit,20700,557,55947,.0099558510733373,8
42,Two-year (public and private not-for-profit),20600,21766,2021451,.0107675130389013,9
42,Four-year for-profit,20600,1382,126025,.0109660781590954,10
42,Two-year for-profit,20600,425,42313,.0100441944556047,11
42,Less than two-year schools of any type,20600,122,10121,.0120541448473471,12
42,Attending college with insufficient data,20700,11058,942344,.0117345682680635,13
42,Late attender (ages 23-28),20600,17046,1239448,.013752896450678,14.1
42,Never attended college (before year 2013),20600,31403,2866578,.0109548737205128,14.2
43,Ivy Plus,21500,178,52724,.0033760716182384,1
43,Other elite schools (public and private),21500,802,183973,.0043593353372506,2
43,Highly selective public,21500,2000,393548,.0050819722117759,3
43,Highly selective private,21500,689,134098,.0051380333785739,4
43,Selective public,21500,14429,1944082,.0074220120344718,5
43,Selective private,21500,3197,486852,.0065666773475307,6
43,Nonselective four-year public,21500,2824,257854,.0109519340401933,7
43,Nonselective four-year private not-for-profit,21400,546,55947,.0097592364201834,8
43,Two-year (public and private not-for-profit),21500,22414,2021451,.0110880748531624,9
43,Four-year for-profit,21400,1478,126025,.0117278317794088,10
43,Two-year for-profit,21400,440,42313,.0103986954363907,11
43,Less than two-year schools of any type,21400,107,10121,.0105720778579192,12
43,Attending college with insufficient data,21600,11106,942344,.0117855050809471,13
43,Late attender (ages 23-28),21500,16465,1239448,.0132841393910838,14.1
43,Never attended college (before year 2013),21500,30899,2866578,.0107790543288897,14.2
44,Ivy Plus,22400,165,52724,.0031295045899401,1
44,Other elite schools (public and private),22400,760,183973,.0041310409679681,2
44,Highly selective public,22300,1973,393548,.005013365586917,3
44,Highly selective private,22300,674,134098,.0050261748870229,4
44,Selective public,22400,14808,1944082,.0076169626589825,5
44,Selective private,22300,3297,486852,.0067720785782948,6
44,Nonselective four-year public,22300,2793,257854,.0108317109682223,7
44,Nonselective four-year private not-for-profit,22300,567,55947,.0101345916671135,8
44,Two-year (public and private not-for-profit),22300,22554,2021451,.0111573320352559,9
44,Four-year for-profit,22300,1414,126025,.0112199960325332,10
44,Two-year for-profit,22300,454,42313,.0107295630184577,11
44,Less than two-year schools of any type,22300,104,10121,.0102756644600336,12
44,Attending college with insufficient data,22400,10995,942344,.0116677137011537,13
44,Late attender (ages 23-28),22400,16328,1239448,.0131736063150693,14.1
44,Never attended college (before year 2013),22400,30687,2866578,.0107050985530483,14.2
45,Ivy Plus,23200,191,52724,.0036226386465367,1
45,Other elite schools (public and private),23200,744,183973,.004044071684432,2
45,Highly selective public,23200,2150,393548,.0054631201276591,3
45,Highly selective private,23200,686,134098,.0051156616802637,4
45,Selective public,23200,15281,1944082,.0078602651534246,5
45,Selective private,23200,3424,486852,.0070329381413653,6
45,Nonselective four-year public,23200,2822,257854,.0109441777129694,7
45,Nonselective four-year private not-for-profit,23200,625,55947,.0111712871110158,8
45,Two-year (public and private not-for-profit),23200,22570,2021451,.0111652471417808,9
45,Four-year for-profit,23100,1419,126025,.0112596707002579,10
45,Two-year for-profit,23100,463,42313,.0109422636069293,11
45,Less than two-year schools of any type,23100,121,10121,.0119553403813852,12
45,Attending college with insufficient data,23300,10978,942344,.0116496735799241,13
45,Late attender (ages 23-28),23200,16095,1239448,.0129856194047673,14.1
45,Never attended college (before year 2013),23200,30005,2866578,.0104671842175584,14.2
46,Ivy Plus,24100,183,52724,.0034709050906608,1
46,Other elite schools (public and private),24000,757,183973,.0041147342273051,2
46,Highly selective public,24000,2157,393548,.0054809070304004,3
46,Highly selective private,24000,651,134098,.0048546585333115,4
46,Selective public,24000,15494,1944082,.0079698284331628,5
46,Selective private,24000,3432,486852,.0070493702398265,6
46,Nonselective four-year public,24000,2915,257854,.0113048469288822,7
46,Nonselective four-year private not-for-profit,24000,554,55947,.0099022288952044,8
46,Two-year (public and private not-for-profit),24000,22923,2021451,.0113398741794879,9
46,Four-year for-profit,24000,1426,126025,.0113152152350724,10
46,Two-year for-profit,23900,416,42313,.009831493867133,11
46,Less than two-year schools of any type,24000,110,10121,.0108684912558048,12
46,Attending college with insufficient data,24100,11282,942344,.0119722733948537,13
46,Late attender (ages 23-28),24100,15855,1239448,.0127919848190485,14.1
46,Never attended college (before year 2013),24100,29418,2866578,.0102624104419974,14.2
47,Ivy Plus,24800,162,52724,.0030726045064866,1
47,Other elite schools (public and private),24900,805,183973,.0043756420779136,2
47,Highly selective public,24900,2115,393548,.0053741856139531,3
47,Highly selective private,24900,661,134098,.0049292308610121,4
47,Selective public,24900,15881,1944082,.0081688941104336,5
47,Selective private,24800,3516,486852,.0072219072736684,6
47,Nonselective four-year public,24900,2960,257854,.0114793642914207,7
47,Nonselective four-year private not-for-profit,24900,555,55947,.009920102954582,8
47,Two-year (public and private not-for-profit),24800,23352,2021451,.0115520979731886,9
47,Four-year for-profit,24800,1445,126025,.0114659789724261,10
47,Two-year for-profit,24800,473,42313,.01117859759412,11
47,Less than two-year schools of any type,24700,104,10121,.0102756644600336,12
47,Attending college with insufficient data,25000,11047,942344,.0117228952484443,13
47,Late attender (ages 23-28),24900,15449,1239448,.0124644196448742,14.1
47,Never attended college (before year 2013),24900,29049,2866578,.0101336855302734,14.2
48,Ivy Plus,25700,173,52724,.0032812381458159,1
48,Other elite schools (public and private),25700,797,183973,.0043321574361455,2
48,Highly selective public,25700,2235,393548,.0056791039466596,3
48,Highly selective private,25700,703,134098,.0052424346373548,4
48,Selective public,25700,16194,1944082,.0083298955496733,5
48,Selective private,25700,3644,486852,.0074848208490465,6
48,Nonselective four-year public,25700,2928,257854,.0113552630558378,7
48,Nonselective four-year private not-for-profit,25600,566,55947,.0101167176077359,8
48,Two-year (public and private not-for-profit),25700,23591,2021451,.0116703298769053,9
48,Four-year for-profit,25600,1458,126025,.0115691331085102,10
48,Two-year for-profit,25600,455,42313,.0107531964171768,11
48,Less than two-year schools of any type,25700,108,10121,.010670882323881,12
48,Attending college with insufficient data,25800,11175,942344,.0118587267494673,13
48,Late attender (ages 23-28),25700,15133,1239448,.0122094674403444,14.1
48,Never attended college (before year 2013),25700,28413,2866578,.0099118182027491,14.2
49,Ivy Plus,26600,184,52724,.0034898717851453,1
49,Other elite schools (public and private),26500,776,183973,.0042180102515043,2
49,Highly selective public,26600,2268,393548,.0057629564881539,3
49,Highly selective private,26500,679,134098,.0050634610508732,4
49,Selective public,26500,16547,1944082,.0085114722527136,5
49,Selective private,26500,3594,486852,.0073821202336644,6
49,Nonselective four-year public,26500,2978,257854,.0115491712364361,7
49,Nonselective four-year private not-for-profit,26600,607,55947,.0108495540422185,8
49,Two-year (public and private not-for-profit),26500,23824,2021451,.0117855936156751,9
49,Four-year for-profit,26400,1489,126025,.0118151160484031,10
49,Two-year for-profit,26400,479,42313,.0113203979864344,11
49,Less than two-year schools of any type,26500,127,10121,.0125481671771564,12
49,Attending college with insufficient data,26600,11123,942344,.0118035452021767,13
49,Late attender (ages 23-28),26600,14831,1239448,.0119658105866482,14.1
49,Never attended college (before year 2013),26600,28067,2866578,.0097911167950078,14.2
50,Ivy Plus,27400,207,52724,.0039261057582884,1
50,Other elite schools (public and private),27300,778,183973,.0042288814119463,2
50,Highly selective public,27300,2294,393548,.005829022126907,3
50,Highly selective private,27400,699,134098,.0052126057062745,4
50,Selective public,27400,16990,1944082,.0087393432993053,5
50,Selective private,27300,3728,486852,.0076573578828884,6
50,Nonselective four-year public,27300,2953,257854,.011452217146137,7
50,Nonselective four-year private not-for-profit,27400,560,55947,.0100094732514701,8
50,Two-year (public and private not-for-profit),27300,23681,2021451,.0117148523511082,9
50,Four-year for-profit,27300,1530,126025,.0121404483237453,10
50,Two-year for-profit,27300,479,42313,.0113203979864344,11
50,Less than two-year schools of any type,27300,121,10121,.0119553403813852,12
50,Attending college with insufficient data,27500,11393,942344,.0120900647746471,13
50,Late attender (ages 23-28),27400,14651,1239448,.0118205846473591,14.1
50,Never attended college (before year 2013),27400,27511,2866578,.0095971573074237,14.2
51,Ivy Plus,28200,204,52724,.003869205674835,1
51,Other elite schools (public and private),28200,764,183973,.0041527832888522,2
51,Highly selective public,28200,2306,393548,.0058595139601777,3
51,Highly selective private,28200,693,134098,.0051678623096541,4
51,Selective public,28200,17326,1944082,.0089121755152303,5
51,Selective private,28200,3893,486852,.0079962699136493,6
51,Nonselective four-year public,28200,3035,257854,.0117702265623182,7
51,Nonselective four-year private not-for-profit,28200,602,55947,.0107601837453304,8
51,Two-year (public and private not-for-profit),28200,24028,2021451,.0118865112238684,9
51,Four-year for-profit,28100,1489,126025,.0118151160484031,10
51,Two-year for-profit,28100,552,42313,.0130456360929265,11
51,Less than two-year schools of any type,28200,129,10121,.0127457761090801,12
51,Attending college with insufficient data,28300,11072,942344,.0117494248384879,13
51,Late attender (ages 23-28),28200,14449,1239448,.0116576088710458,14.1
51,Never attended college (before year 2013),28200,27031,2866578,.0094297102677827,14.2
52,Ivy Plus,28900,194,52724,.0036795387299901,1
52,Other elite schools (public and private),29000,804,183973,.0043702064976926,2
52,Highly selective public,29000,2474,393548,.0062863996259668,3
52,Highly selective private,28900,774,134098,.0057718981640293,4
52,Selective public,29000,17795,1944082,.0091534204832924,5
52,Selective private,29000,3919,486852,.008049674233648,6
52,Nonselective four-year public,29000,3028,257854,.0117430794170344,7
52,Nonselective four-year private not-for-profit,29000,591,55947,.0105635690921765,8
52,Two-year (public and private not-for-profit),29000,23865,2021451,.0118058760761453,9
52,Four-year for-profit,28900,1505,126025,.011942074985122,10
52,Two-year for-profit,28900,539,42313,.0127384019095786,11
52,Less than two-year schools of any type,29000,125,10121,.0123505582452327,12
52,Attending college with insufficient data,29100,11313,942344,.0120051700865077,13
52,Late attender (ages 23-28),29000,14122,1239448,.011393781748004,14.1
52,Never attended college (before year 2013),29000,26526,2866578,.0092535420281604,14.2
53,Ivy Plus,29800,199,52724,.0037743722024126,1
53,Other elite schools (public and private),29800,837,183973,.0045495806449859,2
53,Highly selective public,29800,2388,393548,.0060678748208605,3
53,Highly selective private,29800,710,134098,.0052946352667452,4
53,Selective public,29800,18258,1944082,.0093915791617843,5
53,Selective private,29800,4046,486852,.0083105337967185,6
53,Nonselective four-year public,29800,3133,257854,.0121502865962909,7
53,Nonselective four-year private not-for-profit,29800,549,55947,.0098128585983163,8
53,Two-year (public and private not-for-profit),29800,24259,2021451,.0120007855743226,9
53,Four-year for-profit,29700,1552,126025,.0123150168617338,10
53,Two-year for-profit,29700,476,42313,.0112494977902772,11
53,Less than two-year schools of any type,29800,122,10121,.0120541448473471,12
53,Attending college with insufficient data,29900,11335,942344,.012028516125746,13
53,Late attender (ages 23-28),29800,13762,1239448,.0111033298694257,14.1
53,Never attended college (before year 2013),29900,25947,2866578,.0090515590365935,14.2
54,Ivy Plus,30600,209,52724,.0039640391472574,1
54,Other elite schools (public and private),30700,839,183973,.004560451805428,2
54,Highly selective public,30600,2554,393548,.0064896785144379,3
54,Highly selective private,30600,731,134098,.0054512371549166,4
54,Selective public,30600,18592,1944082,.0095633826145193,5
54,Selective private,30600,4128,486852,.0084789628059451,6
54,Nonselective four-year public,30600,3090,257854,.0119835255609764,7
54,Nonselective four-year private not-for-profit,30700,606,55947,.0108316799828409,8
54,Two-year (public and private not-for-profit),30600,24607,2021451,.0121729391412406,9
54,Four-year for-profit,30500,1492,126025,.0118389208490379,10
54,Two-year for-profit,30500,505,42313,.0119348663531302,11
54,Less than two-year schools of any type,30600,118,10121,.0116589269834997,12
54,Attending college with insufficient data,30800,11240,942344,.0119277036835805,13
54,Late attender (ages 23-28),30600,13316,1239448,.0107434922642983,14.1
54,Never attended college (before year 2013),30700,25547,2866578,.0089120198368926,14.2
55,Ivy Plus,31300,190,52724,.0036036719520522,1
55,Other elite schools (public and private),31500,810,183973,.0044028199790187,2
55,Highly selective public,31500,2558,393548,.0064998424588614,3
55,Highly selective private,31400,775,134098,.0057793553967994,4
55,Selective public,31500,19308,1944082,.0099316798365501,5
55,Selective private,31400,4274,486852,.0087788486028608,6
55,Nonselective four-year public,31400,3085,257854,.0119641347429165,7
55,Nonselective four-year private not-for-profit,31400,601,55947,.0107423096859528,8
55,Two-year (public and private not-for-profit),31400,24454,2021451,.0120972509350956,9
55,Four-year for-profit,31300,1566,126025,.0124261059313628,10
55,Two-year for-profit,31300,486,42313,.0114858317774679,11
55,Less than two-year schools of any type,31400,115,10121,.0113625135856141,12
55,Attending college with insufficient data,31600,11154,942344,.0118364418938307,13
55,Late attender (ages 23-28),31500,13103,1239448,.0105716415694729,14.1
55,Never attended college (before year 2013),31500,25094,2866578,.0087539916932314,14.2
56,Ivy Plus,32200,191,52724,.0036226386465367,1
56,Other elite schools (public and private),32300,910,183973,.0049463780011197,2
56,Highly selective public,32300,2644,393548,.0067183672639678,3
56,Highly selective private,32300,823,134098,.0061373025697624,4
56,Selective public,32300,19796,1944082,.0101826980549174,5
56,Selective private,32300,4333,486852,.0089000353290117,6
56,Nonselective four-year public,32300,3292,257854,.0127669146105936,7
56,Nonselective four-year private not-for-profit,32300,569,55947,.0101703397858688,8
56,Two-year (public and private not-for-profit),32200,24293,2021451,.0120176051756882,9
56,Four-year for-profit,32200,1479,126025,.0117357667129538,10
56,Two-year for-profit,32200,518,42313,.0122421005364782,11
56,Less than two-year schools of any type,32200,102,10121,.0100780555281099,12
56,Attending college with insufficient data,32400,11191,942344,.0118757056870952,13
56,Late attender (ages 23-28),32300,12925,1239448,.0104280292517314,14.1
56,Never attended college (before year 2013),32300,24508,2866578,.0085495667656697,14.2
57,Ivy Plus,33000,187,52724,.0035467718685987,1
57,Other elite schools (public and private),33200,855,183973,.0046474210889641,2
57,Highly selective public,33100,2726,393548,.0069267281246506,3
57,Highly selective private,33100,872,134098,.0065027069754955,4
57,Selective public,33100,20377,1944082,.0104815537616212,5
57,Selective private,33100,4499,486852,.0092410013720802,6
57,Nonselective four-year public,33100,3197,257854,.0123984890674568,7
57,Nonselective four-year private not-for-profit,33100,567,55947,.0101345916671135,8
57,Two-year (public and private not-for-profit),33100,24517,2021451,.0121284166670377,9
57,Four-year for-profit,33000,1532,126025,.0121563181908352,10
57,Two-year for-profit,33000,502,42313,.011863966156973,11
57,Less than two-year schools of any type,33000,137,10121,.013536211836775,12
57,Attending college with insufficient data,33300,11040,942344,.0117154669632321,13
57,Late attender (ages 23-28),33100,12480,1239448,.0100689984573778,14.1
57,Never attended college (before year 2013),33100,24086,2866578,.0084023529099854,14.2
58,Ivy Plus,33900,191,52724,.0036226386465367,1
58,Other elite schools (public and private),34000,916,183973,.0049789914824458,2
58,Highly selective public,33900,2862,393548,.0072723022350514,3
58,Highly selective private,33900,776,134098,.0057868126295694,4
58,Selective public,33900,21040,1944082,.0108225887591161,5
58,Selective private,33900,4593,486852,.0094340785289985,6
58,Nonselective four-year public,33900,3185,257854,.0123519511041132,7
58,Nonselective four-year private not-for-profit,33900,621,55947,.0110997908735053,8
58,Two-year (public and private not-for-profit),33900,24613,2021451,.0121759073061875,9
58,Four-year for-profit,33800,1537,126025,.0121959928585598,10
58,Two-year for-profit,33800,542,42313,.0128093021057358,11
58,Less than two-year schools of any type,34000,98,10121,.0096828376642624,12
58,Attending college with insufficient data,34100,10986,942344,.011658163048738,13
58,Late attender (ages 23-28),34000,12329,1239448,.0099471700305297,14.1
58,Never attended college (before year 2013),34000,23284,2866578,.0081225768145852,14.2
59,Ivy Plus,34800,166,52724,.0031484712844246,1
59,Other elite schools (public and private),34800,884,183973,.0048050529153735,2
59,Highly selective public,34800,3007,393548,.0076407452204051,3
59,Highly selective private,34800,867,134098,.0064654208116452,4
59,Selective public,34800,21494,1944082,.0110561180032529,5
59,Selective private,34800,4730,486852,.0097154782151455,6
59,Nonselective four-year public,34700,3216,257854,.0124721741760841,7
59,Nonselective four-year private not-for-profit,34700,595,55947,.010635065329687,8
59,Two-year (public and private not-for-profit),34700,24608,2021451,.0121734338353984,9
59,Four-year for-profit,34700,1615,126025,.0128149176750645,10
59,Two-year for-profit,34600,550,42313,.0129983692954884,11
59,Less than two-year schools of any type,34800,110,10121,.0108684912558048,12
59,Attending college with insufficient data,34900,10909,942344,.0115764519114039,13
59,Late attender (ages 23-28),34800,11852,1239448,.0095623212914136,14.1
59,Never attended college (before year 2013),34800,22971,2866578,.0080133873908193,14.2
60,Ivy Plus,35600,210,52724,.0039830058417419,1
60,Other elite schools (public and private),35600,948,183973,.0051529300495181,2
60,Highly selective public,35600,3275,393548,.0083217294967831,3
60,Highly selective private,35600,912,134098,.0068009962862981,4
60,Selective public,35600,21936,1944082,.0112834746682496,5
60,Selective private,35600,4956,486852,.0101796849966725,6
60,Nonselective four-year public,35600,3184,257854,.0123480729405012,7
60,Nonselective four-year private not-for-profit,35600,540,55947,.0096519920639176,8
60,Two-year (public and private not-for-profit),35600,24458,2021451,.0120992297117269,9
60,Four-year for-profit,35500,1551,126025,.0123070819281889,10
60,Two-year for-profit,35400,565,42313,.0133528702762744,11
60,Less than two-year schools of any type,35600,107,10121,.0105720778579192,12
60,Attending college with insufficient data,35800,10677,942344,.0113302573157998,13
60,Late attender (ages 23-28),35600,11696,1239448,.0094364588106964,14.1
60,Never attended college (before year 2013),35600,22558,2866578,.0078693131671282,14.2
61,Ivy Plus,36400,210,52724,.0039830058417419,1
61,Other elite schools (public and private),36500,1026,183973,.005576905306757,2
61,Highly selective public,36400,3243,393548,.0082404179413947,3
61,Highly selective private,36400,920,134098,.0068606541484586,4
61,Selective public,36400,22388,1944082,.0115159751491964,5
61,Selective private,36400,4977,486852,.010222819255133,6
61,Nonselective four-year public,36400,3295,257854,.0127785491014295,7
61,Nonselective four-year private not-for-profit,36400,574,55947,.0102597100827569,8
61,Two-year (public and private not-for-profit),36400,24398,2021451,.0120695480622582,9
61,Four-year for-profit,36300,1455,126025,.0115453283078754,10
61,Two-year for-profit,36300,521,42313,.0123130007326354,11
61,Less than two-year schools of any type,36200,102,10121,.0100780555281099,12
61,Attending college with insufficient data,36600,10687,942344,.0113408691518172,13
61,Late attender (ages 23-28),36400,11543,1239448,.0093130167623006,14.1
61,Never attended college (before year 2013),36500,22235,2866578,.0077566352633698,14.2
62,Ivy Plus,37300,223,52724,.0042295728700402,1
62,Other elite schools (public and private),37300,1015,183973,.0055171139243259,2
62,Highly selective public,37300,3365,393548,.008550418246313,3
62,Highly selective private,37400,996,134098,.0074274038389834,4
62,Selective public,37300,22942,1944082,.0118009425528347,5
62,Selective private,37300,5098,486852,.0104713547443576,6
62,Nonselective four-year public,37200,3181,257854,.0123364384496653,7
62,Nonselective four-year private not-for-profit,37300,576,55947,.0102954582015121,8
62,Two-year (public and private not-for-profit),37300,24272,2021451,.0120072165983741,9
62,Four-year for-profit,37200,1459,126025,.0115770680420551,10
62,Two-year for-profit,37100,542,42313,.0128093021057358,11
62,Less than two-year schools of any type,37200,94,10121,.009287619800415,12
62,Attending college with insufficient data,37500,10717,942344,.0113727046598694,13
62,Late attender (ages 23-28),37300,11313,1239448,.0091274502843201,14.1
62,Never attended college (before year 2013),37300,21781,2866578,.0075982582717093,14.2
63,Ivy Plus,38200,192,52724,.0036416053410212,1
63,Other elite schools (public and private),38200,1086,183973,.0059030401200176,2
63,Highly selective public,38200,3530,393548,.0089696809537845,3
63,Highly selective private,38100,1050,134098,.0078300944085669,4
63,Selective public,38100,23424,1944082,.0120488744816319,5
63,Selective private,38100,5315,486852,.0109170754151159,6
63,Nonselective four-year public,38100,3269,257854,.0126777168475184,7
63,Nonselective four-year private not-for-profit,38200,540,55947,.0096519920639176,8
63,Two-year (public and private not-for-profit),38100,24004,2021451,.011874638564081,9
63,Four-year for-profit,38000,1465,126025,.0116246776433247,10
63,Two-year for-profit,38000,511,42313,.0120766667454447,11
63,Less than two-year schools of any type,38200,105,10121,.0103744689259955,12
63,Attending college with insufficient data,38300,10633,942344,.0112835652373231,13
63,Late attender (ages 23-28),38200,11111,1239448,.0089644745080068,14.1
63,Never attended college (before year 2013),38200,21338,2866578,.0074437186080407,14.2
64,Ivy Plus,38900,220,52724,.0041726727865868,1
64,Other elite schools (public and private),39100,1087,183973,.0059084757002386,2
64,Highly selective public,39000,3633,393548,.009231402522691,3
64,Highly selective private,39000,1012,134098,.0075467195633044,4
64,Selective public,39000,24149,1944082,.0124218011380178,5
64,Selective private,39000,5456,486852,.0112066911504934,6
64,Nonselective four-year public,38900,3139,257854,.0121735555779627,7
64,Nonselective four-year private not-for-profit,39100,612,55947,.0109389243391067,8
64,Two-year (public and private not-for-profit),39000,24297,2021451,.0120195839523194,9
64,Four-year for-profit,38800,1521,126025,.0120690339218409,10
64,Two-year for-profit,39000,526,42313,.0124311677262307,11
64,Less than two-year schools of any type,39000,88,10121,.0086947930046438,12
64,Attending college with insufficient data,39200,10415,942344,.0110522272121433,13
64,Late attender (ages 23-28),39000,10729,1239448,.0086562727924044,14.1
64,Never attended college (before year 2013),39000,20690,2866578,.0072176651045253,14.2
65,Ivy Plus,39800,225,52724,.0042675062590092,1
65,Other elite schools (public and private),39900,1146,183973,.0062291749332783,2
65,Highly selective public,39900,3817,393548,.0096989439661744,3
65,Highly selective private,39900,1096,134098,.0081731271159898,4
65,Selective public,39900,24575,1944082,.0126409276974942,5
65,Selective private,39900,5491,486852,.0112785815812608,6
65,Nonselective four-year public,39800,3307,257854,.0128250870647731,7
65,Nonselective four-year private not-for-profit,39900,575,55947,.0102775841421345,8
65,Two-year (public and private not-for-profit),39900,24097,2021451,.0119206451207573,9
65,Four-year for-profit,39800,1476,126025,.011711961912319,10
65,Two-year for-profit,39700,540,42313,.0127620353082977,11
65,Less than two-year schools of any type,40000,72,10121,.007113921549254,12
65,Attending college with insufficient data,40100,10484,942344,.0111254488806635,13
65,Late attender (ages 23-28),39900,10557,1239448,.0085175013393059,14.1
65,Never attended college (before year 2013),39900,20115,2866578,.0070170775049554,14.2
66,Ivy Plus,40700,240,52724,.0045520066762765,1
66,Other elite schools (public and private),40800,1133,183973,.0061585123904051,2
66,Highly selective public,40800,3986,393548,.0101283706180695,3
66,Highly selective private,40800,1112,134098,.0082924428403108,4
66,Selective public,40800,24809,1944082,.0127612929907278,5
66,Selective private,40700,5740,486852,.0117900306458636,6
66,Nonselective four-year public,40700,3369,257854,.013065533208715,7
66,Nonselective four-year private not-for-profit,40800,585,55947,.0104563247359108,8
66,Two-year (public and private not-for-profit),40800,24098,2021451,.0119211398149151,9
66,Four-year for-profit,40700,1424,126025,.0112993453679825,10
66,Two-year for-profit,40600,491,42313,.0116039987710633,11
66,Less than two-year schools of any type,40700,88,10121,.0086947930046438,12
66,Attending college with insufficient data,41000,10458,942344,.0110978581070182,13
66,Late attender (ages 23-28),40800,10551,1239448,.0085126604746629,14.1
66,Never attended college (before year 2013),40800,19490,2866578,.0067990475054228,14.2
67,Ivy Plus,41800,259,52724,.0049123738714817,1
67,Other elite schools (public and private),41700,1254,183973,.0068162175971474,2
67,Highly selective public,41700,3926,393548,.0099759114517162,3
67,Highly selective private,41600,1166,134098,.0086951334098943,4
67,Selective public,41600,25316,1944082,.0130220844594004,5
67,Selective private,41600,5616,486852,.0115353331197161,6
67,Nonselective four-year public,41700,3404,257854,.0132012689351338,7
67,Nonselective four-year private not-for-profit,41600,571,55947,.010206087904624,8
67,Two-year (public and private not-for-profit),41600,23712,2021451,.0117301878700003,9
67,Four-year for-profit,41500,1392,126025,.0110454274945447,10
67,Two-year for-profit,41500,521,42313,.0123130007326354,11
67,Less than two-year schools of any type,41500,107,10121,.0105720778579192,12
67,Attending college with insufficient data,41900,10219,942344,.0108442352262019,13
67,Late attender (ages 23-28),41800,10568,1239448,.008526376257818,14.1
67,Never attended college (before year 2013),41700,19542,2866578,.006817187601384,14.2
68,Ivy Plus,42600,213,52724,.0040399059251954,1
68,Other elite schools (public and private),42600,1391,183973,.0075608920874259,2
68,Highly selective public,42600,4043,393548,.0102732068261051,3
68,Highly selective private,42600,1257,134098,.0093737415919701,4
68,Selective public,42600,25489,1944082,.013111072475338,5
68,Selective private,42500,5868,486852,.0120529442212418,6
68,Nonselective four-year public,42600,3350,257854,.0129918481000876,7
68,Nonselective four-year private not-for-profit,42600,635,55947,.011350027704792,8
68,Two-year (public and private not-for-profit),42600,23706,2021451,.0117272197050534,9
68,Four-year for-profit,42500,1416,126025,.0112358658996231,10
68,Two-year for-profit,42400,531,42313,.0125493347198261,11
68,Less than two-year schools of any type,42400,76,10121,.0075091394131015,12
68,Attending college with insufficient data,42800,10063,942344,.0106786905843301,13
68,Late attender (ages 23-28),42600,10420,1239448,.0084069682632914,14.1
68,Never attended college (before year 2013),42700,19116,2866578,.0066685783537026,14.2
69,Ivy Plus,43600,275,52724,.0052158409832334,1
69,Other elite schools (public and private),43600,1270,183973,.0069031868806836,2
69,Highly selective public,43600,4369,393548,.0111015682966246,3
69,Highly selective private,43500,1222,134098,.0091127384450178,4
69,Selective public,43500,25678,1944082,.0132082905967958,5
69,Selective private,43500,5942,486852,.0122049411320073,6
69,Nonselective four-year public,43400,3237,257854,.0125536156119354,7
69,Nonselective four-year private not-for-profit,43500,591,55947,.0105635690921765,8
69,Two-year (public and private not-for-profit),43500,23532,2021451,.0116411429215944,9
69,Four-year for-profit,43400,1422,126025,.0112834755008927,10
69,Two-year for-profit,43400,534,42313,.0126202349159833,11
69,Less than two-year schools of any type,43600,103,10121,.0101768599940717,12
69,Attending college with insufficient data,43800,10036,942344,.0106500386270831,13
69,Late attender (ages 23-28),43500,10364,1239448,.008361786859957,14.1
69,Never attended college (before year 2013),43600,18999,2866578,.0066277631377901,14.2
70,Ivy Plus,44500,282,52724,.0053486078446248,1
70,Other elite schools (public and private),44600,1441,183973,.0078326710984764,2
70,Highly selective public,44500,4409,393548,.0112032077408601,3
70,Highly selective private,44500,1337,134098,.0099703202135751,4
70,Selective public,44500,26362,1944082,.0135601276077861,5
70,Selective private,44400,6198,486852,.0127307682827636,6
70,Nonselective four-year public,44500,3188,257854,.0123635855949491,7
70,Nonselective four-year private not-for-profit,44600,573,55947,.0102418360233793,8
70,Two-year (public and private not-for-profit),44500,23848,2021451,.0117974662754625,9
70,Four-year for-profit,44300,1419,126025,.0112596707002579,10
70,Two-year for-profit,44300,578,42313,.0136601044596223,11
70,Less than two-year schools of any type,44400,72,10121,.007113921549254,12
70,Attending college with insufficient data,44700,9921,942344,.0105280025128828,13
70,Late attender (ages 23-28),44500,9708,1239448,.0078325189923256,14.1
70,Never attended college (before year 2013),44500,18237,2866578,.00636194096236,14.2
71,Ivy Plus,45600,265,52724,.0050261740383886,1
71,Other elite schools (public and private),45500,1502,183973,.0081642414919581,2
71,Highly selective public,45500,4560,393548,.0115868966428492,3
71,Highly selective private,45500,1398,134098,.010425211412549,4
71,Selective public,45500,26932,1944082,.0138533251169447,5
71,Selective private,45400,6364,486852,.0130717343258321,6
71,Nonselective four-year public,45400,3197,257854,.0123984890674568,7
71,Nonselective four-year private not-for-profit,45500,590,55947,.0105456950327989,8
71,Two-year (public and private not-for-profit),45500,23581,2021451,.0116653829353271,9
71,Four-year for-profit,45400,1501,126025,.0119103352509423,10
71,Two-year for-profit,45400,520,42313,.0122893673339163,11
71,Less than two-year schools of any type,45200,88,10121,.0086947930046438,12
71,Attending college with insufficient data,45800,9941,942344,.0105492261849176,13
71,Late attender (ages 23-28),45500,9324,1239448,.0075227036551755,14.1
71,Never attended college (before year 2013),45600,17811,2866578,.0062133317146786,14.2
72,Ivy Plus,46500,342,52724,.006486609513694,1
72,Other elite schools (public and private),46500,1552,183973,.0084360205030086,2
72,Highly selective public,46500,4856,393548,.012339028530192,3
72,Highly selective private,46500,1545,134098,.0115214246297484,4
72,Selective public,46500,27390,1944082,.0140889118874615,5
72,Selective private,46500,6509,486852,.0133695661104401,6
72,Nonselective four-year public,46500,3039,257854,.0117857392167661,7
72,Nonselective four-year private not-for-profit,46600,612,55947,.0109389243391067,8
72,Two-year (public and private not-for-profit),46500,23661,2021451,.011704958467952,9
72,Four-year for-profit,46400,1373,126025,.010894663757191,10
72,Two-year for-profit,46300,485,42313,.0114621983787488,11
72,Less than two-year schools of any type,46400,71,10121,.0070151170832922,12
72,Attending college with insufficient data,46800,9867,942344,.0104706985983887,13
72,Late attender (ages 23-28),46600,9211,1239448,.0074315340377329,14.1
72,Never attended college (before year 2013),46600,17060,2866578,.0059513468672403,14.2
73,Ivy Plus,47800,356,52724,.0067521432364767,1
73,Other elite schools (public and private),47600,1696,183973,.0092187440548341,2
73,Highly selective public,47600,4843,393548,.0123059957108155,3
73,Highly selective private,47600,1468,134098,.0109472177064535,4
73,Selective public,47600,27092,1944082,.0139356261721471,5
73,Selective private,47600,6606,486852,.0135688053042814,6
73,Nonselective four-year public,47600,3159,257854,.0122511188502021,7
73,Nonselective four-year private not-for-profit,47600,609,55947,.0108853021609738,8
73,Two-year (public and private not-for-profit),47600,23642,2021451,.0116955592789536,9
73,Four-year for-profit,47400,1377,126025,.0109264034913708,10
73,Two-year for-profit,47400,552,42313,.0130456360929265,11
73,Less than two-year schools of any type,47300,92,10121,.0090900108684913,12
73,Attending college with insufficient data,47900,9760,942344,.0103571519530023,13
73,Late attender (ages 23-28),47600,9102,1239448,.0073435916633856,14.1
73,Never attended college (before year 2013),47600,17220,2866578,.0060071625471206,14.2
74,Ivy Plus,48700,362,52724,.0068659434033837,1
74,Other elite schools (public and private),48700,1703,183973,.0092567931163812,2
74,Highly selective public,48700,5042,393548,.0128116519458872,3
74,Highly selective private,48700,1530,134098,.0114095661381974,4
74,Selective public,48700,27677,1944082,.0142365394052309,5
74,Selective private,48600,6768,486852,.0139015552981193,6
74,Nonselective four-year public,48600,3124,257854,.0121153831237832,7
74,Nonselective four-year private not-for-profit,48800,557,55947,.0099558510733373,8
74,Two-year (public and private not-for-profit),48700,23280,2021451,.0115164799938262,9
74,Four-year for-profit,48600,1388,126025,.011013687760365,10
74,Two-year for-profit,48500,539,42313,.0127384019095786,11
74,Less than two-year schools of any type,48300,71,10121,.0070151170832922,12
74,Attending college with insufficient data,49000,9692,942344,.0102849914680838,13
74,Late attender (ages 23-28),48700,8917,1239448,.0071943316702274,14.1
74,Never attended college (before year 2013),48700,16923,2866578,.0059035546913428,14.2
75,Ivy Plus,49900,396,52724,.0075108110158562,1
75,Other elite schools (public and private),49900,1866,183973,.010142792692406,2
75,Highly selective public,49800,5163,393548,.0131191112646996,3
75,Highly selective private,49800,1695,134098,.0126400095452579,4
75,Selective public,49800,28018,1944082,.014411943529131,5
75,Selective private,49800,6933,486852,.0142404673288802,6
75,Nonselective four-year public,49800,3015,257854,.0116926632900789,7
75,Nonselective four-year private not-for-profit,49800,590,55947,.0105456950327989,8
75,Two-year (public and private not-for-profit),49800,23385,2021451,.0115684228803963,9
75,Four-year for-profit,49700,1401,126025,.0111168418964491,10
75,Two-year for-profit,49600,516,42313,.01219483373904,11
75,Less than two-year schools of any type,49900,66,10121,.0065210947534829,12
75,Attending college with insufficient data,50200,9775,942344,.0103730697070284,13
75,Late attender (ages 23-28),49900,8558,1239448,.006904686602423,14.1
75,Never attended college (before year 2013),49900,16197,2866578,.0056502910438858,14.2
76,Ivy Plus,51100,454,52724,.0086108792959563,1
76,Other elite schools (public and private),51000,1985,183973,.0107896267387062,2
76,Highly selective public,51000,5384,393548,.0136806691941008,3
76,Highly selective private,51000,1749,134098,.0130427001148414,4
76,Selective public,51000,28364,1944082,.0145899195610062,5
76,Selective private,51000,7039,486852,.0144581926334903,6
76,Nonselective four-year public,51000,2988,257854,.0115879528725558,7
76,Nonselective four-year private not-for-profit,51100,587,55947,.010492072854666,8
76,Two-year (public and private not-for-profit),51000,23253,2021451,.0115031232515653,9
76,Four-year for-profit,50900,1381,126025,.0109581432255505,10
76,Two-year for-profit,50800,504,42313,.0119112329544112,11
76,Less than two-year schools of any type,50900,87,10121,.0085959885386819,12
76,Attending college with insufficient data,51400,9869,942344,.0104728209655922,13
76,Late attender (ages 23-28),51100,8174,1239448,.0065948712652729,14.1
76,Never attended college (before year 2013),51100,15756,2866578,.0054964490762156,14.2
77,Ivy Plus,52300,449,52724,.0085160458235339,1
77,Other elite schools (public and private),52300,2145,183973,.0116593195740679,2
77,Highly selective public,52300,5501,393548,.0139779645684897,3
77,Highly selective private,52300,1787,134098,.0133260749601038,4
77,Selective public,52300,28502,1944082,.0146609042211182,5
77,Selective private,52200,7263,486852,.014918291390402,6
77,Nonselective four-year public,52300,2971,257854,.0115220240911524,7
77,Nonselective four-year private not-for-profit,52300,610,55947,.0109031762203514,8
77,Two-year (public and private not-for-profit),52300,23137,2021451,.0114457387292593,9
77,Four-year for-profit,52100,1350,126025,.0107121602856576,10
77,Two-year for-profit,52100,529,42313,.0125020679223879,11
77,Less than two-year schools of any type,52200,86,10121,.0084971840727201,12
77,Attending college with insufficient data,52600,9615,942344,.0102032803307497,13
77,Late attender (ages 23-28),52300,8053,1239448,.0064972471616397,14.1
77,Never attended college (before year 2013),52400,15575,2866578,.005433307588351,14.2
78,Ivy Plus,53800,500,52724,.0094833472422426,1
78,Other elite schools (public and private),53600,2180,183973,.0118495648818033,2
78,Highly selective public,53600,5749,393548,.01460812912275,3
78,Highly selective private,53600,1828,134098,.0136318215036764,4
78,Selective public,53600,28724,1944082,.0147750969352116,5
78,Selective private,53500,7187,486852,.0147621864550212,6
78,Nonselective four-year public,53600,2907,257854,.0112738216199865,7
78,Nonselective four-year private not-for-profit,53600,560,55947,.0100094732514701,8
78,Two-year (public and private not-for-profit),53600,23244,2021451,.011498671004145,9
78,Four-year for-profit,53400,1372,126025,.0108867288236461,10
78,Two-year for-profit,53300,573,42313,.013541937466027,11
78,Less than two-year schools of any type,53500,70,10121,.0069163126173303,12
78,Attending college with insufficient data,54000,9639,942344,.0102287487371915,13
78,Late attender (ages 23-28),53600,7827,1239448,.0063149079267545,14.1
78,Never attended college (before year 2013),53700,15214,2866578,.005307373460621,14.2
79,Ivy Plus,55100,558,52724,.0105834155223428,1
79,Other elite schools (public and private),55000,2406,183973,.0130780060117517,2
79,Highly selective public,55000,5994,393548,.0152306707186925,3
79,Highly selective private,55000,1936,134098,.0144372026428433,4
79,Selective public,55000,28897,1944082,.0148640849511492,5
79,Selective private,55000,7364,486852,.0151257466334738,6
79,Nonselective four-year public,55000,2805,257854,.0108782489315659,7
79,Nonselective four-year private not-for-profit,55000,580,55947,.0103669544390226,8
79,Two-year (public and private not-for-profit),55000,23382,2021451,.0115669387979229,9
79,Four-year for-profit,54900,1318,126025,.0104582424122198,10
79,Two-year for-profit,54700,574,42313,.0135655708647461,11
79,Less than two-year schools of any type,54900,80,10121,.0079043572769489,12
79,Attending college with insufficient data,55400,9568,942344,.0101534047014678,13
79,Late attender (ages 23-28),55000,7496,1239448,.0060478535606173,14.1
79,Never attended college (before year 2013),55100,14615,2866578,.005098413509069,14.2
80,Ivy Plus,56600,602,52724,.0114179500796601,1
80,Other elite schools (public and private),56500,2478,183973,.0134693677876645,2
80,Highly selective public,56500,6091,393548,.0154771463709636,3
80,Highly selective private,56500,2036,134098,.0151829259198497,4
80,Selective public,56500,29301,1944082,.0150718951155353,5
80,Selective private,56400,7477,486852,.0153578500242373,6
80,Nonselective four-year public,56400,2807,257854,.0108860052587899,7
80,Nonselective four-year private not-for-profit,56600,605,55947,.0108138059234633,8
80,Two-year (public and private not-for-profit),56500,22836,2021451,.0112968357877584,9
80,Four-year for-profit,56300,1326,126025,.0105217218805793,10
80,Two-year for-profit,56300,575,42313,.0135892042634651,11
80,Less than two-year schools of any type,56600,70,10121,.0069163126173303,12
80,Attending college with insufficient data,56900,9553,942344,.0101374869474417,13
80,Late attender (ages 23-28),56500,7540,1239448,.0060833532346658,14.1
80,Never attended college (before year 2013),56600,14277,2866578,.0049805028853218,14.2
81,Ivy Plus,58200,579,52724,.010981716106517,1
81,Other elite schools (public and private),58100,2618,183973,.014230349018606,2
81,Highly selective public,58000,6283,393548,.0159650157032941,3
81,Highly selective private,58100,2167,134098,.016159823412728,4
81,Selective public,58100,29802,1944082,.0153296002946378,5
81,Selective private,58000,7596,486852,.0156022774888467,6
81,Nonselective four-year public,58100,2761,257854,.0107076097326394,7
81,Nonselective four-year private not-for-profit,58100,592,55947,.0105814431515541,8
81,Two-year (public and private not-for-profit),58000,22726,2021451,.0112424194303993,9
81,Four-year for-profit,58000,1382,126025,.0109660781590954,10
81,Two-year for-profit,57700,502,42313,.011863966156973,11
81,Less than two-year schools of any type,58100,91,10121,.0089912064025294,12
81,Attending college with insufficient data,58500,9330,942344,.0099008430042532,13
81,Late attender (ages 23-28),58100,7100,1239448,.0057283564941813,14.1
81,Never attended college (before year 2013),58200,14045,2866578,.0048995701494953,14.2
82,Ivy Plus,59700,581,52724,.0110196494954859,1
82,Other elite schools (public and private),59800,2738,183973,.0148826186451273,2
82,Highly selective public,59700,6538,393548,.0166129671602956,3
82,Highly selective private,59700,2196,134098,.0163760831630599,4
82,Selective public,59700,29742,1944082,.0152987373989369,5
82,Selective private,59700,7644,486852,.0157008700796135,6
82,Nonselective four-year public,59700,2826,257854,.0109596903674172,7
82,Nonselective four-year private not-for-profit,59900,620,55947,.0110819168141277,8
82,Two-year (public and private not-for-profit),59700,22794,2021451,.0112760586331304,9
82,Four-year for-profit,59600,1365,126025,.0108311842888316,10
82,Two-year for-profit,59400,553,42313,.0130692694916456,11
82,Less than two-year schools of any type,59500,76,10121,.0075091394131015,12
82,Attending college with insufficient data,60100,9230,942344,.009794724644079,13
82,Late attender (ages 23-28),59800,7129,1239448,.0057517540066223,14.1
82,Never attended college (before year 2013),59800,13541,2866578,.0047237507578723,14.2
83,Ivy Plus,61500,644,52724,.0122145512480085,1
83,Other elite schools (public and private),61500,2785,183973,.0151380909155148,2
83,Highly selective public,61500,6606,393548,.016785754215496,3
83,Highly selective private,61600,2253,134098,.0168011454309535,4
83,Selective public,61500,30443,1944082,.0156593188970424,5
83,Selective private,61500,7893,486852,.0162123191442163,6
83,Nonselective four-year public,61500,2791,257854,.0108239546409984,7
83,Nonselective four-year private not-for-profit,61600,608,55947,.0108674281015962,8
83,Two-year (public and private not-for-profit),61500,22497,2021451,.0111291344682607,9
83,Four-year for-profit,61400,1409,126025,.0111803213648086,10
83,Two-year for-profit,61300,505,42313,.0119348663531302,11
83,Less than two-year schools of any type,61700,69,10121,.0068175081513684,12
83,Attending college with insufficient data,62000,9320,942344,.0098902311682358,13
83,Late attender (ages 23-28),61500,6753,1239448,.0054483931556628,14.1
83,Never attended college (before year 2013),61600,12998,2866578,.0045343262942784,14.2
84,Ivy Plus,63400,760,52724,.0144146878082088,1
84,Other elite schools (public and private),63400,2954,183973,.0160567039728656,2
84,Highly selective public,63500,6738,393548,.0171211643814732,3
84,Highly selective private,63400,2241,134098,.0167116586377127,4
84,Selective public,63400,30372,1944082,.0156227978037963,5
84,Selective private,63300,8190,486852,.0168223607995859,6
84,Nonselective four-year public,63400,2757,257854,.0106920970781915,7
84,Nonselective four-year private not-for-profit,63500,647,55947,.0115645164173235,8
84,Two-year (public and private not-for-profit),63400,22290,2021451,.0110267327775939,9
84,Four-year for-profit,63200,1299,126025,.0103074786748661,10
84,Two-year for-profit,63100,498,42313,.0117694325620968,11
84,Less than two-year schools of any type,63000,78,10121,.0077067483450252,12
84,Attending college with insufficient data,63900,9260,942344,.0098265601521313,13
84,Late attender (ages 23-28),63500,6708,1239448,.0054120866708406,14.1
84,Never attended college (before year 2013),63500,12781,2866578,.0044586262784407,14.2
85,Ivy Plus,65500,750,52724,.0142250208633639,1
85,Other elite schools (public and private),65400,3029,183973,.0164643724894414,2
85,Highly selective public,65500,7236,393548,.0183865754622054,3
85,Highly selective private,65500,2432,134098,.0181359900967949,4
85,Selective public,65500,30993,1944082,.0159422287743007,5
85,Selective private,65400,8130,486852,.0166991200611274,6
85,Nonselective four-year public,65500,2737,257854,.0106145338059522,7
85,Nonselective four-year private not-for-profit,65700,640,55947,.0114393980016802,8
85,Two-year (public and private not-for-profit),65500,21840,2021451,.0108041204065792,9
85,Four-year for-profit,65400,1315,126025,.010434437611585,10
85,Two-year for-profit,65000,520,42313,.0122893673339163,11
85,Less than two-year schools of any type,65400,68,10121,.0067187036854066,12
85,Attending college with insufficient data,66000,9134,942344,.0096928510183118,13
85,Late attender (ages 23-28),65500,6418,1239448,.0051781115464303,14.1
85,Never attended college (before year 2013),65600,12332,2866578,.0043019935267765,14.2
86,Ivy Plus,67600,776,52724,.0147181549199605,1
86,Other elite schools (public and private),67700,3270,183973,.017774347322705,2
86,Highly selective public,67700,7305,393548,.0185619035035116,3
86,Highly selective private,67700,2418,134098,.018031588838014,4
86,Selective public,67700,31478,1944082,.016191703847883,5
86,Selective private,67600,8344,486852,.0171386786949627,6
86,Nonselective four-year public,67700,2653,257854,.010288768062547,7
86,Nonselective four-year private not-for-profit,67600,648,55947,.0115823904767012,8
86,Two-year (public and private not-for-profit),67700,21711,2021451,.0107403048602217,9
86,Four-year for-profit,67700,1340,126025,.0106328109502083,10
86,Two-year for-profit,67200,499,42313,.0117930659608158,11
86,Less than two-year schools of any type,67400,69,10121,.0068175081513684,12
86,Attending college with insufficient data,68200,9047,942344,.0096005280449602,13
86,Late attender (ages 23-28),67700,6250,1239448,.0050425673364272,14.1
86,Never attended college (before year 2013),67800,11765,2866578,.0041041967112006,14.2
87,Ivy Plus,70100,810,52724,.015363022532433,1
87,Other elite schools (public and private),70100,3349,183973,.0182037581601648,2
87,Highly selective public,70100,7673,393548,.0194969863904784,3
87,Highly selective private,70100,2580,134098,.0192396605467643,4
87,Selective public,70100,31723,1944082,.0163177273386616,5
87,Selective private,70000,8548,486852,.0175576972057217,6
87,Nonselective four-year public,70100,2641,257854,.0102422300992034,7
87,Nonselective four-year private not-for-profit,70100,603,55947,.010778057804708,8
87,Two-year (public and private not-for-profit),70100,21171,2021451,.0104731700150041,9
87,Four-year for-profit,69900,1345,126025,.010672485617933,10
87,Two-year for-profit,69600,530,42313,.012525701321107,11
87,Less than two-year schools of any type,70000,72,10121,.007113921549254,12
87,Attending college with insufficient data,70600,8857,942344,.0093989031606292,13
87,Late attender (ages 23-28),70100,6262,1239448,.0050522490657131,14.1
87,Never attended college (before year 2013),70200,11410,2866578,.0039803556714661,14.2
88,Ivy Plus,72700,830,52724,.0157423564221228,1
88,Other elite schools (public and private),72700,3601,183973,.0195735243758595,2
88,Highly selective public,72700,7936,393548,.020165265736327,3
88,Highly selective private,72700,2886,134098,.0215215737744038,4
88,Selective public,72700,32091,1944082,.0165070197656272,5
88,Selective private,72600,8722,486852,.0179150953472513,6
88,Nonselective four-year public,72600,2663,257854,.0103275496986667,7
88,Nonselective four-year private not-for-profit,72800,616,55947,.0110104205766172,8
88,Two-year (public and private not-for-profit),72600,20775,2021451,.0102772711285112,9
88,Four-year for-profit,72600,1274,126025,.0101091053362428,10
88,Two-year for-profit,72200,508,42313,.0120057665492875,11
88,Less than two-year schools of any type,72400,59,10121,.0058294634917498,12
88,Attending college with insufficient data,73300,8782,942344,.0093193143904986,13
88,Late attender (ages 23-28),72700,5891,1239448,.0047529222686228,14.1
88,Never attended college (before year 2013),72700,10940,2866578,.0038163971118176,14.2
89,Ivy Plus,75700,872,52724,.0165389575904711,1
89,Other elite schools (public and private),75500,3903,183973,.0212150696026047,2
89,Highly selective public,75500,8472,393548,.0215272342890829,3
89,Highly selective private,75500,3007,134098,.0224238989395815,4
89,Selective public,75500,32332,1944082,.0166309857300258,5
89,Selective private,75400,8890,486852,.0182601694149351,6
89,Nonselective four-year public,75500,2536,257854,.0098350229199469,7
89,Nonselective four-year private not-for-profit,75700,582,55947,.0104027025577779,8
89,Two-year (public and private not-for-profit),75500,20130,2021451,.0099581933967234,9
89,Four-year for-profit,75400,1265,126025,.0100376909343384,10
89,Two-year for-profit,75100,432,42313,.0102096282466381,11
89,Less than two-year schools of any type,75200,72,10121,.007113921549254,12
89,Attending college with insufficient data,76100,8624,942344,.0091516473814233,13
89,Late attender (ages 23-28),75600,5864,1239448,.0047311383777294,14.1
89,Never attended college (before year 2013),75600,10592,2866578,.0036949980080779,14.2
90,Ivy Plus,78800,1014,52724,.019232228207268,1
90,Other elite schools (public and private),78700,4044,183973,.0219814864137672,2
90,Highly selective public,78700,8801,393548,.0223632187179201,3
90,Highly selective private,78600,3144,134098,.0234455398290802,4
90,Selective public,78600,32715,1944082,.0168279938809165,5
90,Selective private,78600,9182,486852,.0188599410087665,6
90,Nonselective four-year public,78600,2464,257854,.0095557951398854,7
90,Nonselective four-year private not-for-profit,78600,633,55947,.0113142795860368,8
90,Two-year (public and private not-for-profit),78600,19587,2021451,.0096895744690324,9
90,Four-year for-profit,78500,1274,126025,.0101091053362428,10
90,Two-year for-profit,78200,442,42313,.0104459622338288,11
90,Less than two-year schools of any type,78600,91,10121,.0089912064025294,12
90,Attending college with insufficient data,79300,8371,942344,.0088831679301826,13
90,Late attender (ages 23-28),78600,5689,1239448,.0045899464923095,14.1
90,Never attended college (before year 2013),78700,10123,2866578,.0035313882964287,14.2
91,Ivy Plus,82500,1012,52724,.0191942948182991,1
91,Other elite schools (public and private),82300,4423,183973,.0240415713175303,2
91,Highly selective public,82300,9192,393548,.0233567442853222,3
91,Highly selective private,82200,3270,134098,.0243851511581082,4
91,Selective public,82200,33344,1944082,.017151539904181,5
91,Selective private,82000,9188,486852,.0188722650826124,6
91,Nonselective four-year public,82100,2323,257854,.0090089740705981,7
91,Nonselective four-year private not-for-profit,82200,630,55947,.0112606574079039,8
91,Two-year (public and private not-for-profit),82100,19072,2021451,.00943480697776,9
91,Four-year for-profit,81800,1278,126025,.0101408450704225,10
91,Two-year for-profit,81500,478,42313,.0112967645877154,11
91,Less than two-year schools of any type,81700,62,10121,.0061258768896354,12
91,Attending college with insufficient data,82900,8294,942344,.0088014567928485,13
91,Late attender (ages 23-28),82200,5244,1239448,.0042309156979559,14.1
91,Never attended college (before year 2013),82200,9763,2866578,.003405803016698,14.2
92,Ivy Plus,86600,1141,52724,.0216409984067977,1
92,Other elite schools (public and private),86300,4773,183973,.025944024394884,2
92,Highly selective public,86300,9738,393548,.0247441226991371,3
92,Highly selective private,86200,3531,134098,.0263314889110949,4
92,Selective public,86200,33526,1944082,.0172451573544737,5
92,Selective private,86200,9312,486852,.01912696260876,6
92,Nonselective four-year public,86200,2272,257854,.0088111877263878,7
92,Nonselective four-year private not-for-profit,86400,618,55947,.0110461686953724,8
92,Two-year (public and private not-for-profit),86100,18592,2021451,.009197353782011,9
92,Four-year for-profit,86000,1259,126025,.0099900813330688,10
92,Two-year for-profit,85700,413,42313,.0097605936709758,11
92,Less than two-year schools of any type,85900,68,10121,.0067187036854066,12
92,Attending college with insufficient data,87000,8079,942344,.0085733023184739,13
92,Late attender (ages 23-28),86200,4942,1239448,.0039872588442597,14.1
92,Never attended college (before year 2013),86300,9310,2866578,.0032477748730368,14.2
93,Ivy Plus,91300,1300,52724,.0246567028298308,1
93,Other elite schools (public and private),91200,5131,183973,.0278899621140059,2
93,Highly selective public,91000,10350,393548,.0262992061959405,3
93,Highly selective private,91000,3636,134098,.0271144983519516,4
93,Selective public,91000,33865,1944082,.0174195327151838,5
93,Selective private,90900,9457,486852,.019424794393368,6
93,Nonselective four-year public,90900,2268,257854,.0087956750719399,7
93,Nonselective four-year private not-for-profit,90800,573,55947,.0102418360233793,8
93,Two-year (public and private not-for-profit),90900,18106,2021451,.0089569324213152,9
93,Four-year for-profit,90900,1171,126025,.0092918071811149,10
93,Two-year for-profit,90100,404,42313,.0095478930825042,11
93,Less than two-year schools of any type,90500,57,10121,.0056318545598261,12
93,Attending college with insufficient data,91800,8068,942344,.0085616292988548,13
93,Late attender (ages 23-28),91000,4597,1239448,.0037089091272889,14.1
93,Never attended college (before year 2013),91000,8591,2866578,.0029969531615745,14.2
94,Ivy Plus,97100,1499,52724,.0284310750322434,1
94,Other elite schools (public and private),96900,5863,183973,.0318688068357857,2
94,Highly selective public,96800,11094,393548,.0281896998587212,3
94,Highly selective private,96800,3886,134098,.0289788065444675,4
94,Selective public,96700,33828,1944082,.0174005005961683,5
94,Selective private,96600,9740,486852,.0200060798764306,6
94,Nonselective four-year public,96600,2105,257854,.0081635344031894,7
94,Nonselective four-year private not-for-profit,97400,566,55947,.0101167176077359,8
94,Two-year (public and private not-for-profit),96700,16947,2021451,.0083835818924129,9
94,Four-year for-profit,96400,1156,126025,.0091727831779409,10
94,Two-year for-profit,96400,362,42313,.0085552903363033,11
94,Less than two-year schools of any type,,,,,12
94,Attending college with insufficient data,97700,8049,942344,.0085414668104217,13
94,Late attender (ages 23-28),96800,4214,1239448,.0033999006009127,14.1
94,Never attended college (before year 2013),96800,8215,2866578,.0028657863138558,14.2
95,Ivy Plus,104600,1926,52724,.0365298535771186,1
95,Other elite schools (public and private),104300,6468,183973,.0351573328694972,2
95,Highly selective public,104100,11646,393548,.0295923241891713,3
95,Highly selective private,104000,4276,134098,.0318871273247923,4
95,Selective public,104100,34030,1944082,.0175044056783613,5
95,Selective private,103800,9690,486852,.0199033792610485,6
95,Nonselective four-year public,104000,2062,257854,.0079967733678748,7
95,Nonselective four-year private not-for-profit,103900,569,55947,.0101703397858688,8
95,Two-year (public and private not-for-profit),104000,16051,2021451,.0079403359270148,9
95,Four-year for-profit,103800,1032,126025,.0081888514183694,10
95,Two-year for-profit,102900,338,42313,.0079880887670456,11
95,Less than two-year schools of any type,,,,,12
95,Attending college with insufficient data,105200,7802,942344,.0082793544607914,13
95,Late attender (ages 23-28),103900,4055,1239448,.003271617687874,14.1
95,Never attended college (before year 2013),104100,7580,2866578,.0026442678343307,14.2
96,Ivy Plus,114700,2314,52724,.0438889310370989,1
96,Other elite schools (public and private),114300,7507,183973,.0408049007191273,2
96,Highly selective public,114200,12425,393548,.0315717523656581,3
96,Highly selective private,114000,4527,134098,.0337588927500783,4
96,Selective public,114000,34100,1944082,.0175404123900124,5
96,Selective private,113800,9886,486852,.0203059656733463,6
96,Nonselective four-year public,113800,1887,257854,.0073180947357807,7
96,Nonselective four-year private not-for-profit,114000,589,55947,.0105278209734213,8
96,Two-year (public and private not-for-profit),113900,14853,2021451,.0073476923259579,9
96,Four-year for-profit,113400,1003,126025,.0079587383455664,10
96,Two-year for-profit,112800,297,42313,.0070191194195637,11
96,Less than two-year schools of any type,,,,,12
96,Attending college with insufficient data,115300,7487,942344,.0079450816262426,13
96,Late attender (ages 23-28),113800,3720,1239448,.0030013360786415,14.1
96,Never attended college (before year 2013),113900,6945,2866578,.0024227493548056,14.2
97,Ivy Plus,130000,3008,52724,.0570518170093316,1
97,Other elite schools (public and private),129400,8968,183973,.0487462834220239,2
97,Highly selective public,129000,13652,393548,.0346895423175826,3
97,Highly selective private,129200,4973,134098,.0370848185655267,4
97,Selective public,128900,33958,1944082,.0174673702035202,5
97,Selective private,128800,10085,486852,.020714714122567,6
97,Nonselective four-year public,128700,1722,257854,.0066781977398062,7
97,Nonselective four-year private not-for-profit,129000,506,55947,.0090442740450784,8
97,Two-year (public and private not-for-profit),128500,13084,2021451,.0064725783607913,9
97,Four-year for-profit,128400,902,126025,.0071573100575283,10
97,Two-year for-profit,128300,244,42313,.005766549287453,11
97,Less than two-year schools of any type,,,,,12
97,Attending college with insufficient data,130400,7252,942344,.0076957034798333,13
97,Late attender (ages 23-28),128500,3211,1239448,.0025906693947628,14.1
97,Never attended college (before year 2013),128700,5968,2866578,.0020819248595364,14.2
98,Ivy Plus,159500,4540,52724,.086108792959563,1
98,Other elite schools (public and private),158500,11573,183973,.0629059698977567,2
98,Highly selective public,157700,14751,393548,.0374820860479535,3
98,Highly selective private,157800,5535,134098,.0412757833823025,4
98,Selective public,156800,32999,1944082,.0169740782539008,5
98,Selective private,156400,10069,486852,.0206818499256448,6
98,Nonselective four-year public,155300,1440,257854,.0055845556012317,7
98,Nonselective four-year private not-for-profit,156900,458,55947,.0081863191949524,8
98,Two-year (public and private not-for-profit),155800,10912,2021451,.0053981026500271,9
98,Four-year for-profit,154200,707,126025,.0056099980162666,10
98,Two-year for-profit,153300,164,42313,.0038758773899274,11
98,Less than two-year schools of any type,,,,,12
98,Attending college with insufficient data,159000,6909,942344,.0073317175044357,13
98,Late attender (ages 23-28),155700,2555,1239448,.0020614015271314,14.1
98,Never attended college (before year 2013),156000,4929,2866578,.0017194717883135,14.2
99,Ivy Plus,468000,9673,52724,.1834648357484258,1
99,Other elite schools (public and private),353600,16794,183973,.0912851342316536,2
99,Highly selective public,319900,16463,393548,.0418322542612337,3
99,Highly selective private,317200,6352,134098,.0473683425554445,4
99,Selective public,309600,29711,1944082,.0152827915694914,5
99,Selective private,294600,9252,486852,.0190037218703014,6
99,Nonselective four-year public,285800,939,257854,.0036415956316365,7
99,Nonselective four-year private not-for-profit,298400,384,55947,.0068636388010081,8
99,Two-year (public and private not-for-profit),302500,6738,2021451,.0033332492353265,9
99,Four-year for-profit,284600,364,126025,.0028883158103551,10
99,Two-year for-profit,253400,81,42313,.0019143052962447,11
99,Less than two-year schools of any type,,,,,12
99,Attending college with insufficient data,313000,5932,942344,.0062949411255338,13
99,Late attender (ages 23-28),298500,1566,1239448,.0012634656718152,14.1
99,Never attended college (before year 2013),400500,3302,2866578,.0011518960935303,14.2
